,map_0,map_1,map_2,map_3,map_4,map_5,map_6,map_7,map_8,map_9,map_11,map_12,map_13,map_14,map_15,map_16,map_17,map_18,map_19
0,359,265,389,291,376,389,366,335,207,319,398,263,366,213,240,228,295,320,263
1,297,339,226,346,263,203,387,255,304,271,246,396,299,240,395,218,235,358,358
2,313,232,233,200,201,253,398,255,242,242,274,280,250,338,373,360,252,246,376
3,250,298,276,205,292,306,242,237,267,216,284,277,354,350,200,352,373,381,286
4,216,279,290,278,323,378,280,247,323,320,380,245,214,265,205,391,291,303,204
5,340,307,293,296,348,202,315,211,381,246,359,250,230,393,262,318,288,331,290
6,334,264,398,318,227,350,391,399,294,275,209,310,223,253,287,331,356,292,237
7,287,270,379,339,223,279,375,281,278,245,220,360,238,384,376,279,323,241,384
8,212,220,353,336,303,208,260,389,352,288,264,316,366,307,237,214,363,208,326
9,285,253,233,387,344,233,361,305,227,243,311,295,238,215,307,275,236,316,358
10,243,333,316,324,376,386,281,322,270,274,320,303,237,228,296,336,245,360,327
11,286,246,222,325,269,331,400,340,328,292,216,398,291,377,350,369,208,394,278
12,293,343,380,371,271,324,267,397,376,383,275,287,366,245,348,202,321,340,398
13,264,283,371,270,318,273,328,365,372,291,289,270,364,288,388,304,289,244,376
14,315,293,285,332,236,335,242,250,292,322,272,377,220,384,371,386,306,243,357
15,399,348,332,370,307,277,359,341,398,363,269,384,207,250,240,350,312,359,366
16,246,256,394,375,246,361,383,210,320,257,242,213,234,228,281,246,323,249,340
17,209,306,319,289,297,369,356,218,351,252,260,383,295,200,289,303,271,304,229
18,376,340,295,209,340,357,277,224,275,339,331,286,348,275,290,233,307,304,344
19,364,337,294,319,236,240,352,297,344,322,250,234,355,223,289,369,200,297,227
20,283,344,357,338,236,283,361,344,296,309,310,257,326,274,322,381,297,298,240
21,352,352,266,389,277,327,264,306,205,281,278,325,273,236,322,206,231,368,359
22,313,262,275,210,400,234,300,203,322,336,343,270,262,321,400,209,262,325,268
23,239,384,273,275,326,355,321,332,365,354,390,230,204,394,232,276,272,336,381
24,286,357,275,387,335,206,318,289,292,374,390,351,233,209,200,264,341,316,375
25,227,375,339,248,203,309,399,309,352,347,376,381,361,366,323,298,321,300,374
26,384,250,275,319,394,216,277,200,377,399,310,349,273,365,399,320,279,236,242
27,322,377,340,327,284,337,239,308,349,338,212,217,387,258,268,221,216,369,206
28,285,384,309,217,303,379,324,212,231,231,256,357,365,228,382,234,274,380,312
29,238,246,356,247,305,241,217,359,254,211,342,227,369,297,390,218,271,214,346
30,347,230,390,302,359,234,202,310,223,280,375,353,325,325,290,367,295,214,235
31,378,275,238,345,361,373,329,274,342,340,358,256,267,216,341,260,265,392,272
32,332,234,260,295,316,388,299,245,233,382,204,367,287,221,346,370,209,223,231
33,329,352,316,261,299,318,322,282,227,335,207,338,385,298,213,238,309,374,257
34,391,229,221,370,325,254,235,379,359,296,290,260,274,285,357,380,289,298,296
35,234,385,291,365,275,361,310,292,332,209,351,346,255,389,246,301,216,224,209
36,208,247,251,250,210,325,323,369,394,289,200,309,320,276,358,309,282,319,318
37,225,249,239,367,240,218,295,298,320,238,341,265,228,271,241,392,273,372,260
38,208,323,208,288,392,294,280,215,376,205,372,316,320,239,230,371,283,274,316
39,372,261,386,241,208,251,382,206,347,259,368,220,358,302,380,293,374,279,247
40,319,292,272,217,387,383,319,241,398,261,244,372,253,211,365,355,310,385,269
41,201,318,215,315,399,374,305,243,211,208,340,332,344,289,224,383,218,260,325
42,223,320,213,374,262,364,212,327,301,400,215,212,265,304,314,278,363,213,209
43,249,245,378,330,363,303,248,336,259,221,280,227,222,338,241,353,219,386,254
44,359,204,312,338,291,324,308,346,396,296,333,360,233,385,203,393,278,376,314
45,257,341,229,235,279,323,222,399,397,267,303,280,233,233,337,220,320,262,378
46,221,309,347,370,262,270,215,326,379,263,212,380,251,273,295,225,218,307,396
47,280,297,392,396,342,200,273,367,394,233,347,207,313,236,376,367,400,204,386
48,212,379,309,268,227,297,343,233,282,216,278,243,235,267,327,373,282,273,208
49,216,338,395,389,342,207,207,231,212,233,291,311,266,356,204,259,335,309,232
50,292,251,284,291,203,241,349,358,241,386,224,268,335,355,243,361,381,236,314
51,395,311,309,230,285,281,314,258,318,352,311,243,313,212,396,371,241,336,321
52,325,352,200,226,232,307,375,213,253,200,208,347,260,323,380,290,300,318,255
53,251,270,251,277,343,332,291,395,392,261,293,290,263,369,215,358,326,302,289
54,236,236,261,325,297,209,224,243,301,225,392,383,272,251,393,282,322,374,320
55,336,359,223,250,296,376,202,226,331,354,350,358,247,299,205,281,373,206,356
56,279,331,298,328,321,339,380,376,302,315,348,377,342,371,215,337,237,306,292
57,351,205,373,397,333,252,272,273,219,206,222,398,291,356,348,394,382,305,278
58,203,270,383,260,218,209,392,222,371,276,289,376,389,355,356,343,253,323,332
59,223,230,261,287,339,308,300,200,371,299,296,245,392,367,335,253,373,357,282
60,298,282,227,376,341,376,383,295,263,225,254,275,278,268,359,219,242,219,361
61,305,396,247,257,367,216,345,344,360,363,339,386,304,306,259,308,323,335,352
62,262,277,307,271,221,354,284,247,307,207,238,229,275,344,342,354,344,247,311
63,248,283,352,226,365,376,284,386,219,215,324,235,332,218,281,248,319,365,298
64,258,378,357,322,225,200,249,372,240,228,223,285,238,294,357,394,226,347,394
65,312,388,282,397,246,382,340,348,360,226,293,226,216,250,252,282,295,244,317
66,374,390,395,221,262,303,339,319,296,201,230,352,295,233,375,200,326,297,287
67,390,218,325,394,384,382,275,204,229,322,290,392,388,250,287,297,236,274,327
68,364,378,396,222,347,228,275,304,286,216,332,310,212,256,307,260,269,370,384
69,218,237,269,224,341,322,310,246,338,298,262,223,315,291,233,221,201,396,236
70,292,204,205,264,343,317,298,332,220,213,255,249,313,203,320,332,221,271,353
71,375,320,330,205,213,240,300,397,399,328,311,351,369,365,358,362,350,209,255
72,206,307,397,385,305,310,296,203,393,242,286,237,277,399,248,308,219,294,255
73,300,307,248,269,235,320,293,273,200,370,362,231,396,243,394,317,219,218,375
74,297,209,304,238,250,365,204,391,326,281,353,317,234,319,260,219,293,358,207
75,203,247,309,221,268,233,392,367,295,285,398,254,238,275,332,379,342,223,272
76,228,227,364,302,295,277,294,322,340,348,313,261,345,235,267,204,339,203,387
77,298,234,260,323,370,380,214,202,203,397,254,307,259,329,383,356,260,278,214
78,328,261,209,377,298,288,398,205,342,276,312,315,226,367,231,294,345,335,270
79,382,349,352,299,296,277,242,351,374,219,365,314,214,388,254,335,358,299,225
80,331,276,341,295,304,235,316,289,216,326,200,344,344,253,345,316,210,215,389
81,222,229,287,236,295,287,267,270,323,400,236,389,231,267,264,206,360,264,299
82,242,360,262,379,267,351,312,245,352,235,344,213,389,290,343,231,202,316,211
83,377,356,326,372,366,210,206,350,305,230,305,384,335,356,313,356,347,256,337
84,378,228,380,216,384,375,351,223,210,217,383,317,277,366,334,338,384,217,364
85,374,269,230,303,393,278,266,316,276,276,200,394,282,332,368,327,319,297,239
86,367,255,267,280,356,252,317,222,238,290,220,363,308,312,359,332,366,301,244
87,250,235,325,243,375,328,314,346,288,204,237,311,268,344,326,328,337,255,342
88,261,369,243,307,341,400,264,280,275,357,227,250,266,308,291,332,267,324,361
89,381,364,222,229,376,397,228,286,224,226,361,272,393,349,245,212,398,339,298
90,244,362,285,385,396,266,225,304,284,224,279,216,274,383,286,305,304,216,216
91,277,217,246,210,224,388,329,304,226,318,306,218,257,307,206,344,338,274,366
92,227,374,330,282,292,219,319,297,226,243,396,262,229,357,337,224,221,367,369
93,338,297,311,229,269,278,341,316,309,210,253,331,234,297,368,362,246,249,283
94,382,335,218,235,278,213,364,319,278,313,341,346,362,328,265,272,242,390,360
95,265,316,320,303,394,381,354,225,234,352,251,317,377,386,396,226,313,259,234
96,263,242,364,222,384,314,265,358,318,373,241,378,323,226,276,348,264,360,291
97,378,213,338,384,342,231,252,395,206,286,347,351,323,363,325,333,354,272,354
98,285,214,273,234,334,307,275,306,294,397,232,274,367,249,393,386,208,200,324
99,240,279,306,369,272,307,351,372,318,287,387,334,329,283,382,376,357,203,240
100,347,326,366,200,337,323,397,319,295,211,258,337,200,322,230,388,251,243,243
101,329,260,370,302,366,226,298,306,365,258,365,270,202,252,368,260,348,217,390
102,328,295,311,349,278,257,388,224,295,342,352,341,393,313,400,375,386,215,266
103,335,200,237,308,214,318,203,248,396,248,227,244,317,312,320,322,274,333,219
104,206,396,378,396,356,359,319,358,357,354,383,358,252,205,366,313,328,251,216
105,378,287,251,225,336,294,222,244,256,301,200,208,309,214,276,248,386,299,300
106,242,397,229,298,376,248,255,233,303,315,237,304,206,270,316,334,396,251,377
107,376,374,268,395,223,259,308,306,368,368,343,382,388,313,387,248,251,283,349
108,264,383,374,396,211,249,336,241,293,362,224,381,355,310,292,236,360,273,246
109,201,339,238,380,308,226,390,201,379,340,319,283,385,220,324,238,294,201,214
110,385,354,294,393,322,267,346,315,284,355,337,305,243,300,309,343,312,204,258
111,322,275,227,331,218,398,337,323,256,221,370,367,352,280,224,220,386,283,304
112,244,282,289,396,399,210,279,361,373,399,231,332,221,395,364,374,362,221,210
113,324,331,320,255,313,277,238,308,271,357,315,346,218,372,332,262,274,223,351
114,277,218,296,274,305,224,240,288,360,308,222,287,253,291,374,226,318,283,225
115,327,283,209,375,315,379,214,352,258,273,279,267,317,328,334,288,331,329,223
116,330,345,315,305,368,250,357,386,303,309,231,233,216,312,282,209,278,293,307
117,354,351,227,244,202,314,236,387,278,210,345,227,350,393,379,212,217,220,275
118,360,274,272,310,368,259,208,310,316,275,241,377,285,335,377,330,344,301,319
119,358,318,209,245,293,321,281,359,222,228,312,269,294,400,287,360,229,299,302
120,315,267,233,237,391,386,338,317,291,271,246,244,305,202,374,302,280,265,249
121,358,239,311,357,332,316,230,273,296,209,249,249,368,303,262,376,327,348,370
122,328,206,229,399,341,278,225,286,286,356,288,241,203,211,250,327,208,269,321
123,334,252,211,257,284,280,256,294,316,204,208,378,231,394,249,227,377,279,230
124,263,216,362,228,397,389,349,289,400,286,265,305,243,398,269,278,216,300,244
125,261,384,325,202,396,278,320,259,214,386,391,387,393,342,255,298,370,346,224
126,272,324,209,376,266,200,317,237,230,389,220,263,281,294,261,357,324,201,378
127,390,200,351,282,333,300,290,281,268,362,255,349,275,315,238,375,202,351,349
128,250,258,201,344,277,222,258,260,252,298,370,365,349,255,272,387,235,252,394
129,243,230,355,351,357,380,387,352,324,256,312,361,278,376,265,220,352,247,350
130,319,339,366,224,373,389,363,288,345,321,333,203,277,203,343,242,354,240,367
131,279,297,271,320,353,355,365,286,234,249,314,340,343,361,249,389,226,356,205
132,327,246,275,339,207,250,269,383,241,270,302,269,220,363,290,279,377,228,359
133,262,205,354,258,271,296,313,265,217,322,301,324,238,303,370,384,322,337,215
134,397,301,356,353,211,251,329,397,369,266,284,328,375,244,294,310,357,357,373
135,371,241,298,381,381,380,259,344,357,358,369,215,272,393,258,306,325,322,334
136,384,245,395,319,323,325,313,361,345,261,260,282,381,382,256,237,221,231,398
137,314,366,319,338,366,202,372,237,203,324,378,357,373,378,235,228,211,394,216
138,309,312,247,230,393,205,285,397,311,336,370,333,363,393,286,382,257,241,326
139,331,326,368,343,282,212,397,350,281,202,327,210,252,248,340,264,271,276,258
140,371,261,313,370,217,345,327,322,259,284,306,266,255,293,311,200,280,230,238
141,260,280,273,396,260,290,395,263,275,226,361,343,322,264,230,336,334,361,268
142,211,236,370,226,225,312,276,396,237,338,256,281,283,247,211,310,366,308,298
143,200,229,266,334,383,300,388,222,224,201,280,278,343,319,235,384,360,238,293
144,341,277,271,221,311,309,333,201,316,322,279,389,321,225,278,333,399,219,262
145,308,228,226,349,260,364,329,359,299,334,249,372,372,372,321,333,333,293,251
146,237,381,207,206,230,358,303,305,202,372,319,286,343,259,280,326,266,253,258
147,324,323,264,217,268,221,357,348,340,274,382,310,211,371,319,213,370,244,212
148,259,308,332,351,238,253,289,260,375,216,398,333,309,246,257,314,365,325,346
149,400,234,313,241,292,323,229,319,276,218,318,282,371,292,355,386,262,218,331
150,271,368,367,295,278,374,332,209,390,288,295,288,243,257,297,332,305,295,354
151,268,307,305,256,352,246,392,382,207,287,211,224,398,250,389,309,392,334,357
152,321,371,384,229,309,249,294,256,301,228,344,209,296,280,258,289,240,305,285
153,271,400,279,326,283,243,259,211,393,317,283,256,222,363,327,291,276,222,277
154,237,355,284,328,378,324,395,374,242,321,250,300,312,269,364,359,350,206,382
155,353,249,227,306,393,240,331,205,381,375,346,284,379,265,397,206,205,371,343
156,291,311,375,373,229,379,334,256,370,393,247,376,348,364,281,273,378,252,356
157,301,381,241,235,354,323,273,358,301,388,316,282,383,267,280,284,208,272,368
158,301,320,355,343,398,367,260,267,400,219,227,221,349,226,353,304,365,358,227
159,292,234,327,307,209,320,353,295,282,394,368,347,265,231,334,391,361,340,249
160,350,347,381,229,327,233,387,217,289,272,232,360,352,391,259,395,213,299,228
161,233,314,394,219,255,371,312,378,219,269,391,200,225,351,332,253,350,354,370
162,258,348,387,311,329,348,327,277,228,258,235,340,324,355,294,366,354,327,204
163,366,235,360,304,361,268,234,374,208,299,392,209,306,243,291,350,375,317,367
164,322,325,307,258,283,289,321,392,373,309,230,384,206,337,389,376,205,249,371
165,384,336,314,235,284,283,370,364,305,220,286,269,299,219,231,219,375,218,218
166,372,331,237,218,248,327,311,393,288,297,262,353,294,248,249,221,369,374,279
167,268,208,387,305,351,299,256,356,282,232,351,354,238,203,251,312,361,250,212
168,200,373,295,400,265,326,326,326,218,315,343,219,372,281,244,348,334,210,347
169,216,363,205,344,283,224,229,321,202,337,260,355,318,206,379,260,296,289,229
170,210,395,228,381,250,320,281,269,256,293,344,318,350,253,260,249,245,250,231
171,386,351,299,360,321,204,375,269,352,322,252,203,256,204,339,391,309,239,236
172,298,267,244,287,337,227,376,280,267,251,292,366,338,369,378,295,247,395,310
173,385,242,325,263,285,214,242,374,333,340,274,265,236,229,312,219,231,333,232
174,265,389,397,292,268,214,312,258,368,320,399,259,318,244,338,241,266,393,369
175,294,363,251,381,368,309,207,211,268,287,306,258,294,228,349,201,382,319,387
176,347,282,376,330,375,354,231,287,317,380,326,299,396,341,220,353,384,278,370
177,349,325,254,309,265,211,218,292,286,309,294,342,265,250,225,264,398,232,266
178,236,390,220,249,220,242,295,358,218,233,342,366,354,266,385,348,387,268,362
179,308,230,297,272,300,313,311,262,361,221,233,253,347,294,259,328,263,268,296
180,241,317,290,307,298,355,234,271,377,288,220,329,285,241,370,300,216,375,368
181,361,358,352,355,298,229,343,342,275,245,207,338,367,327,330,250,204,313,327
182,216,364,284,284,240,261,361,312,341,202,276,240,320,225,304,397,360,289,358
183,295,337,238,343,370,266,262,360,263,246,237,379,374,245,266,308,325,363,315
184,383,261,245,305,334,209,236,244,389,295,351,249,200,398,275,253,380,301,359
185,352,357,398,369,202,233,362,313,265,380,239,222,383,316,285,366,240,216,338
186,379,255,400,383,312,249,361,374,291,327,317,219,349,237,385,270,381,216,237
187,222,226,220,374,266,309,318,257,259,395,400,374,385,321,310,325,217,301,319
188,278,283,262,320,202,400,234,207,371,269,288,355,350,218,314,360,341,297,257
189,319,221,340,342,353,361,325,263,285,311,300,254,246,289,282,347,257,251,325
190,335,372,219,283,363,339,310,339,273,236,336,267,386,378,291,267,292,374,357
191,345,294,248,371,213,296,234,399,370,299,347,276,243,203,284,280,232,235,286
192,306,398,261,286,301,263,262,345,278,327,233,334,253,367,301,372,230,236,382
193,354,329,276,309,369,209,371,222,270,394,350,286,238,308,253,377,392,204,379
194,320,392,287,238,332,294,300,209,243,272,279,312,220,206,244,348,226,220,204
195,210,286,352,385,311,315,337,365,271,331,351,292,301,304,210,271,387,224,242
196,251,297,400,329,288,391,204,392,253,237,345,222,251,266,235,397,391,395,342
197,277,298,387,275,215,313,246,233,274,232,288,262,346,250,386,312,380,243,261
198,364,346,352,347,325,327,328,377,232,256,257,350,400,236,385,397,356,392,278
199,336,328,256,283,337,308,334,247,208,364,246,352,360,277,325,316,214,361,268
200,357,268,325,278,364,212,400,202,385,222,384,259,250,248,325,268,252,240,392
201,259,250,284,247,303,318,206,289,245,231,365,241,381,361,290,378,353,301,241
202,306,368,262,400,360,400,344,335,346,200,317,268,263,304,382,218,395,218,236
203,353,374,378,343,254,376,234,362,309,253,300,311,399,318,238,246,315,364,354
204,287,202,377,271,270,379,390,278,343,311,349,224,214,336,397,340,394,289,275
205,284,384,223,229,237,339,288,320,274,255,218,211,311,248,260,328,244,284,393
206,231,205,205,220,376,214,291,266,307,276,230,200,309,359,329,287,214,359,338
207,365,201,207,276,295,382,386,245,304,290,356,280,291,230,340,263,288,240,370
208,309,250,359,250,331,323,265,283,315,322,358,357,305,264,376,266,330,272,277
209,329,354,249,395,371,269,254,299,249,324,363,208,277,292,350,330,321,294,362
210,316,352,378,328,303,348,376,270,336,374,329,308,342,380,275,289,363,250,380
211,324,368,326,294,203,211,232,271,317,362,395,302,225,350,279,250,228,238,400
212,235,311,361,248,282,281,386,235,319,302,253,375,260,293,352,363,380,209,341
213,348,206,335,373,341,337,331,379,380,300,307,284,210,346,320,206,250,362,322
214,219,391,362,383,387,295,377,391,285,385,363,256,224,339,321,242,335,250,334
215,369,321,363,390,212,332,349,387,318,329,260,289,228,208,250,208,242,320,396
216,220,303,312,231,287,347,261,375,398,248,348,264,245,249,260,297,357,339,397
217,309,247,317,298,393,345,254,366,383,217,370,309,374,329,357,215,385,297,302
218,220,248,327,387,355,274,310,267,332,264,280,375,390,365,373,345,350,386,323
219,397,216,235,228,350,339,352,285,229,238,347,229,358,207,359,387,221,305,397
220,206,387,278,227,267,344,267,207,265,286,384,315,266,335,382,322,227,234,341
221,272,273,399,337,318,278,378,207,235,345,320,224,295,246,380,271,344,265,271
222,399,301,394,215,338,303,246,299,217,319,379,242,382,210,306,298,397,222,275
223,286,219,364,209,388,213,290,288,292,330,334,304,220,233,249,273,293,350,258
224,225,369,349,304,244,217,397,287,293,209,214,293,220,228,207,295,234,221,234
225,400,242,388,277,314,257,253,213,207,395,318,264,398,218,386,325,341,233,350
226,352,210,336,243,236,383,217,364,398,243,276,393,272,389,253,326,377,261,246
227,325,310,266,239,339,298,336,319,379,335,286,357,386,250,242,333,210,261,380
228,248,340,274,333,217,211,276,246,338,353,258,344,230,300,209,279,230,255,204
229,302,391,218,305,339,285,341,328,226,214,374,304,391,341,365,213,334,274,328
230,343,379,241,373,390,331,376,245,256,358,271,254,318,360,359,291,320,280,382
231,271,345,337,252,307,378,262,322,259,251,294,231,241,347,267,213,201,376,345
232,292,321,284,236,294,247,380,266,283,359,237,345,392,213,274,344,229,307,244
233,209,275,305,374,319,314,311,350,235,326,257,238,246,392,261,258,339,398,329
234,321,279,212,272,226,399,305,368,237,204,376,237,259,226,280,207,233,289,374
235,206,344,239,382,273,265,205,383,211,254,330,203,267,201,231,245,337,316,291
236,263,284,212,364,286,280,358,246,311,382,371,287,220,343,326,248,243,343,375
237,210,367,380,347,244,321,275,301,350,391,348,342,381,399,313,299,302,286,385
238,246,340,287,258,261,319,252,396,323,279,203,388,356,212,350,210,319,376,390
239,351,227,354,400,273,223,319,298,362,396,395,219,216,220,282,276,387,273,207
240,222,314,361,225,314,378,392,346,256,248,255,386,389,228,352,333,288,300,341
241,286,245,329,222,371,277,329,269,233,369,356,373,234,366,285,202,345,398,328
242,392,364,398,279,348,282,344,289,284,393,284,322,329,252,304,280,385,358,333
243,379,205,301,231,384,221,344,342,307,202,313,207,235,231,289,303,394,364,245
244,326,202,388,212,220,343,271,377,228,285,376,400,297,345,391,371,348,301,223
245,341,371,337,266,384,399,336,227,224,361,316,211,299,389,249,202,319,245,266
246,350,323,226,357,207,250,202,339,379,264,238,359,255,370,249,227,323,203,276
247,394,217,210,348,364,253,227,229,321,363,372,311,378,376,260,247,238,361,330
248,275,368,354,356,389,327,208,316,385,304,303,225,347,215,284,379,256,386,225
249,328,313,228,345,288,252,203,336,371,299,374,391,367,209,256,289,382,265,222
250,316,203,209,356,322,324,352,346,399,320,313,267,317,330,202,208,351,274,222
251,295,348,332,354,278,244,289,276,386,202,302,328,297,400,383,379,265,205,356
252,267,377,334,235,246,285,357,285,280,319,389,306,342,381,217,241,328,287,309
253,290,227,233,218,275,370,366,267,207,338,217,369,291,321,236,280,329,221,327
254,381,251,285,389,331,242,359,382,353,295,260,290,241,213,227,307,223,239,379
255,392,278,221,267,357,288,364,337,279,250,387,360,339,370,332,207,250,229,376
256,220,306,239,315,314,262,298,204,386,381,368,260,355,329,319,399,350,208,222
257,324,248,308,262,214,400,400,221,298,351,355,263,312,210,337,268,288,372,354
258,392,231,265,230,345,313,314,363,249,354,214,354,301,239,215,266,276,219,383
259,276,228,331,343,392,348,344,374,248,244,297,346,268,351,310,378,230,329,306
260,225,400,383,271,218,400,348,201,384,375,236,359,228,276,377,222,293,265,360
261,364,336,208,311,243,252,358,263,277,349,210,276,247,376,228,211,240,319,209
262,369,292,391,393,354,308,216,330,255,264,271,254,298,284,399,320,301,224,367
263,390,348,345,345,360,314,355,206,305,236,270,335,379,246,339,392,200,230,312
264,275,261,374,389,297,270,238,282,350,301,292,264,261,391,227,299,208,207,310
265,353,230,252,272,282,285,234,313,251,252,265,357,301,308,206,358,291,338,293
266,229,335,388,352,375,285,256,355,332,284,303,391,268,230,260,359,286,390,360
267,346,259,254,232,297,363,253,298,330,379,324,224,322,313,241,354,370,300,339
268,382,347,297,329,245,350,291,338,395,257,355,331,345,368,389,243,366,310,381
269,264,224,392,374,346,205,351,242,292,204,233,207,336,280,301,399,354,313,360
270,349,388,216,295,338,363,217,254,387,240,267,302,337,207,237,391,293,250,373
271,201,266,392,234,231,252,333,228,372,223,364,359,240,291,339,283,389,363,206
272,280,333,321,206,305,381,297,200,204,365,228,290,310,228,294,245,371,288,390
273,306,306,302,229,360,384,353,249,323,368,293,370,333,391,207,252,234,266,249
274,363,247,244,263,227,252,350,220,325,224,343,241,272,201,214,388,366,309,277
275,205,226,200,209,244,385,265,207,288,315,242,332,372,294,315,276,390,306,262
276,393,390,337,237,379,245,259,344,235,253,237,239,226,299,372,355,327,253,337
277,220,384,286,227,317,292,326,210,227,266,212,278,271,349,336,320,259,218,338
278,267,363,287,260,323,400,261,248,251,202,214,312,344,287,362,264,212,329,284
279,369,273,242,354,209,370,234,336,281,285,388,341,328,326,357,239,339,336,381
280,330,246,385,243,341,228,283,330,244,362,253,384,347,261,356,206,239,321,357
281,230,229,244,368,384,216,359,383,344,205,254,237,399,261,269,312,354,299,346
282,203,245,338,297,249,250,274,220,230,273,392,301,334,372,202,215,350,204,369
283,371,232,259,226,364,285,306,286,378,339,369,323,310,214,273,234,312,320,257
284,332,226,305,364,378,382,207,321,226,349,220,390,359,308,376,234,275,387,391
285,317,344,364,376,220,223,242,206,364,308,399,244,288,273,373,245,369,231,245
286,229,227,243,398,262,337,218,295,311,312,356,245,326,338,228,256,331,264,231
287,379,268,395,366,224,273,243,391,203,341,259,399,230,235,337,285,298,381,317
288,211,218,378,217,209,329,344,246,255,305,230,307,378,352,363,285,290,213,258
289,399,301,216,364,349,249,386,391,360,259,206,365,221,210,364,392,356,362,314
290,248,379,227,309,201,260,225,228,368,299,300,207,279,345,346,336,295,248,383
291,356,320,221,379,355,299,328,374,225,346,279,370,297,250,225,295,335,333,364
292,269,365,221,277,273,274,305,377,397,232,259,309,373,331,268,358,207,225,384
293,250,303,288,374,356,327,224,350,309,317,256,281,305,333,210,273,379,322,358
294,347,285,204,315,329,237,312,206,243,360,296,229,253,276,384,254,216,321,369
295,237,228,205,227,354,274,359,325,209,309,252,396,331,352,238,262,339,201,256
296,310,341,360,339,334,355,312,366,312,304,280,325,208,232,383,243,394,241,253
297,210,259,311,214,200,280,220,279,364,359,208,228,271,221,333,228,362,326,235
298,269,388,310,340,323,379,308,315,373,362,204,376,314,331,211,244,389,393,235
299,376,231,269,353,312,327,240,394,221,389,319,291,382,223,381,398,270,379,390
300,258,263,221,398,343,387,229,283,203,221,347,244,331,222,307,322,335,231,218
301,355,219,229,247,359,316,266,342,249,219,352,395,215,269,213,232,280,243,281
302,344,285,293,363,334,351,317,338,338,268,328,328,202,254,391,307,381,318,298
303,315,368,287,356,360,291,283,238,264,314,200,280,377,247,294,364,329,386,374
304,265,216,336,363,263,316,356,251,331,291,373,323,369,266,396,395,366,257,375
305,382,203,264,390,356,201,328,278,361,305,288,243,261,290,254,344,291,297,351
306,270,327,216,223,400,269,360,396,367,235,226,323,397,228,220,219,332,249,312
307,319,260,218,233,241,280,332,241,400,283,302,377,331,378,256,276,340,235,283
308,278,317,249,240,389,325,312,318,284,343,225,237,395,281,281,352,265,380,386
309,285,280,342,252,375,361,392,219,371,347,361,278,322,370,312,226,311,376,367
310,268,380,347,283,384,219,242,283,281,382,236,376,213,333,207,243,299,289,305
311,327,283,309,240,218,313,286,213,205,361,200,222,304,239,315,268,391,246,261
312,292,286,387,386,248,239,337,258,268,397,287,352,331,309,331,383,274,201,385
313,343,282,377,325,290,333,377,219,254,314,397,328,351,241,392,207,377,290,396
314,252,312,394,334,228,382,358,221,251,338,223,222,333,383,319,235,345,302,383
315,287,255,308,287,238,374,243,359,340,349,221,281,260,249,342,361,311,262,356
316,328,301,381,370,222,380,274,333,223,203,231,313,279,257,338,313,361,295,348
317,327,256,285,284,282,214,241,382,351,339,327,395,296,242,308,218,388,248,308
318,228,218,264,254,216,307,352,326,364,338,299,308,325,391,250,217,346,367,248
319,253,341,384,342,272,281,207,315,267,259,389,329,201,306,310,359,256,201,292
320,243,356,397,389,222,323,309,351,273,203,355,341,389,261,234,232,246,380,287
321,268,235,393,324,342,231,223,393,287,377,285,345,367,360,364,362,400,262,382
322,327,336,348,273,318,318,389,206,377,374,248,374,228,278,385,276,222,291,216
323,215,241,389,397,271,282,354,327,325,394,352,304,272,383,315,399,362,310,294
324,206,370,366,346,227,290,269,251,237,275,331,223,228,395,351,357,235,328,379
325,232,367,208,270,387,263,321,274,396,358,355,247,249,389,227,379,307,391,388
326,315,315,260,355,297,242,350,369,350,373,234,358,273,294,355,390,307,361,390
327,244,316,273,279,368,280,314,375,325,296,385,253,344,274,348,339,310,230,353
328,218,320,200,206,221,219,352,304,391,209,353,287,264,350,356,242,241,295,234
329,262,382,329,307,228,350,365,393,378,360,203,248,225,325,325,244,306,388,264
330,220,322,314,382,381,303,217,390,266,277,357,209,301,341,378,335,263,269,283
331,357,260,296,201,200,368,387,331,283,280,306,203,361,381,334,386,279,277,287
332,206,251,239,303,205,225,385,394,397,293,282,325,259,252,274,334,248,201,322
333,332,304,331,210,210,290,319,226,312,349,367,318,296,316,304,239,338,277,264
334,339,390,211,234,328,390,203,232,361,222,299,229,298,329,255,242,281,393,333
335,300,340,342,289,386,354,302,294,335,212,380,279,228,218,215,327,323,283,254
336,277,292,202,225,338,279,369,386,316,330,379,278,311,379,237,229,283,315,202
337,209,255,255,210,363,242,373,242,372,345,235,205,377,212,216,344,390,228,313
338,205,294,321,277,381,249,301,232,242,272,208,244,212,308,330,385,220,347,352
339,305,265,338,332,377,362,228,244,340,316,208,326,204,325,269,330,355,286,280
340,288,239,392,339,271,321,375,400,383,284,293,272,310,250,357,204,263,220,336
341,217,361,232,297,213,211,340,204,381,267,272,205,253,355,397,242,221,349,330
342,247,280,251,207,212,362,221,287,378,240,307,239,292,223,355,374,398,279,223
343,365,248,235,262,281,350,265,247,230,366,349,328,222,258,286,261,371,210,260
344,233,228,301,335,205,214,285,229,310,276,380,295,301,208,389,221,303,334,257
345,337,379,337,397,391,210,232,396,353,323,210,391,220,200,201,341,212,353,340
346,225,351,202,304,235,349,282,267,254,253,317,333,225,215,260,389,235,312,370
347,341,373,294,309,239,239,205,382,299,354,355,215,313,363,245,287,252,239,210
348,243,335,312,303,311,232,349,322,256,388,384,365,272,204,317,398,317,396,284
349,250,337,242,384,241,298,269,287,282,394,319,320,217,308,208,279,333,264,266
350,222,361,371,272,235,342,349,251,362,385,388,342,386,316,255,330,318,390,216
351,394,261,390,251,259,399,386,244,272,258,278,324,378,280,238,273,226,338,234
352,202,230,286,254,345,267,290,376,228,346,252,335,346,255,297,264,368,304,262
353,304,203,346,379,216,300,363,374,226,312,329,371,337,307,313,252,250,282,367
354,321,235,389,274,262,353,205,326,257,393,352,371,400,325,237,333,236,362,276
355,338,266,337,289,268,391,309,293,373,390,367,352,201,350,340,295,231,339,207
356,251,252,203,289,382,333,274,317,312,290,393,283,319,344,203,317,328,398,376
357,232,292,310,344,361,318,261,384,247,367,397,272,256,300,214,210,264,325,281
358,267,357,362,228,231,316,278,397,338,300,336,394,350,228,244,229,266,311,397
359,325,243,337,221,362,268,296,303,306,330,352,215,297,210,213,205,206,319,298
360,227,279,398,283,200,347,249,234,390,251,390,389,331,379,356,251,352,266,239
361,289,397,359,276,259,375,317,322,360,242,272,346,350,262,314,300,214,204,293
362,299,302,295,229,398,339,263,395,374,292,383,361,263,354,352,207,384,351,338
363,339,275,264,372,267,217,282,256,328,362,306,266,252,214,357,306,291,349,241
364,243,247,381,258,250,200,256,379,357,379,349,244,309,334,364,385,241,375,393
365,203,222,292,233,294,385,336,314,212,381,215,386,235,397,317,382,226,308,309
366,309,371,282,323,400,237,287,230,288,350,352,393,248,367,274,379,226,275,366
367,215,322,250,322,286,291,359,293,329,348,300,240,258,322,356,237,363,330,267
368,327,388,305,280,270,324,260,334,293,329,307,374,291,327,343,399,207,211,260
369,263,328,391,321,257,317,317,363,351,249,223,271,361,262,383,311,345,280,302
370,276,212,327,358,280,245,224,347,362,217,354,219,346,259,211,302,354,226,225
371,344,251,371,367,290,261,297,271,266,212,395,379,390,338,325,330,363,275,364
372,327,209,344,389,278,206,349,218,384,252,230,315,327,329,206,397,284,254,378
373,298,244,395,202,283,378,349,224,248,279,351,376,395,203,363,343,325,306,258
374,270,277,344,316,277,379,363,263,234,359,253,375,383,287,307,235,371,300,245
375,273,299,222,214,396,292,366,352,388,392,313,328,372,389,398,398,291,306,395
376,341,323,254,273,397,371,340,380,383,212,243,382,250,208,363,291,308,356,208
377,300,316,367,277,211,259,248,368,286,369,206,274,337,277,388,273,234,261,330
378,208,353,244,359,291,368,235,343,303,277,263,318,373,259,300,388,253,238,259
379,254,376,257,254,280,244,306,229,351,400,349,340,323,201,244,266,292,336,271
380,371,340,395,386,305,326,257,268,301,375,229,382,329,354,274,338,306,384,233
381,302,360,227,270,265,367,342,331,233,288,257,207,291,339,296,230,275,352,372
382,208,286,302,256,312,219,243,367,349,326,238,305,301,312,277,243,206,233,383
383,294,282,253,263,321,251,299,361,241,378,303,355,285,206,295,312,389,306,229
384,245,227,390,303,362,289,326,368,261,386,214,204,289,214,292,386,228,238,363
385,308,277,264,230,210,396,250,370,257,380,259,258,368,286,283,362,300,293,204
386,379,306,398,368,288,307,394,349,291,372,202,213,227,217,216,204,270,398,343
387,383,367,292,301,353,235,312,324,283,288,275,391,298,214,259,356,338,294,298
388,246,232,250,212,337,302,295,275,340,375,251,311,204,355,352,346,245,332,288
389,253,388,269,283,372,272,255,227,219,213,308,315,297,363,256,301,356,218,218
390,281,217,207,291,247,279,338,287,229,234,291,319,254,366,208,212,320,280,388
391,394,339,226,231,200,316,278,265,309,318,247,249,292,336,388,319,337,313,304
392,217,291,364,255,238,316,329,261,279,293,214,343,292,210,352,256,285,213,256
393,270,234,231,220,230,255,377,321,278,233,279,240,331,306,360,336,339,398,261
394,314,228,375,208,355,225,363,281,224,271,334,372,379,258,374,326,235,271,204
395,346,220,295,314,274,263,213,224,359,265,279,309,246,394,327,322,260,323,320
396,229,253,354,373,391,225,366,289,249,233,294,222,230,260,334,339,382,263,363
397,384,357,365,382,302,253,211,348,272,350,348,280,383,214,303,340,213,356,357
398,322,303,270,226,298,295,284,330,318,260,368,246,258,285,313,227,262,334,207
399,330,393,394,330,292,317,344,308,299,303,241,216,204,216,290,272,356,361,269
400,230,233,231,321,340,232,274,256,285,327,291,384,256,286,376,234,281,318,235
401,368,241,365,354,368,390,318,331,210,216,372,238,204,338,261,368,209,354,387
402,253,249,354,385,325,243,392,206,367,336,391,302,230,330,303,212,390,387,387
403,353,205,318,374,296,277,358,201,351,254,297,341,223,377,244,391,355,395,202
404,323,345,388,249,326,263,397,210,250,252,277,206,356,370,323,339,338,232,269
405,322,231,306,398,313,288,291,338,397,212,324,390,286,289,283,254,267,285,211
406,386,370,293,241,320,381,355,303,257,337,376,278,374,320,271,290,292,214,337
407,400,399,203,252,365,232,225,381,294,396,204,280,394,206,381,234,336,211,229
408,232,375,248,356,286,384,205,232,213,344,308,226,324,378,338,299,330,366,321
409,340,354,367,400,247,390,270,228,203,260,242,230,257,346,350,232,290,210,348
410,330,345,346,236,366,218,357,344,324,382,226,233,292,200,321,263,239,326,320
411,365,227,368,358,394,371,393,228,224,257,249,251,292,309,367,277,366,303,223
412,326,215,248,390,329,216,284,212,203,266,327,300,223,328,350,219,392,203,316
413,266,292,315,298,280,247,362,343,206,274,256,345,241,228,221,367,302,265,301
414,363,307,229,248,254,395,314,353,352,289,288,340,284,351,220,278,279,240,361
415,319,385,320,390,353,391,220,384,231,336,231,226,354,256,362,207,400,287,228
416,232,250,319,201,271,359,323,386,352,272,248,342,283,366,262,287,306,389,311
417,303,349,340,253,297,232,328,325,272,210,341,305,354,259,247,240,348,307,350
418,340,301,327,290,318,293,210,254,280,349,397,281,364,221,331,331,228,393,213
419,284,267,322,295,306,213,357,249,376,375,205,397,217,388,244,219,261,254,264
420,321,307,275,356,387,312,347,254,351,227,209,340,358,363,276,308,348,346,343
421,220,357,373,295,229,388,289,375,286,389,350,278,399,277,350,305,343,248,399
422,319,291,217,371,383,396,400,319,229,393,274,204,305,357,248,386,360,378,286
423,227,332,362,352,382,269,295,228,322,255,200,370,275,210,370,312,252,212,361
424,321,361,306,227,369,237,393,287,252,279,325,350,283,294,205,343,215,357,248
425,309,304,243,369,345,219,262,351,303,294,398,221,381,367,253,264,299,249,246
426,242,283,272,257,250,373,383,257,387,302,251,338,231,334,311,336,398,329,236
427,327,392,356,391,307,230,392,260,348,339,359,356,271,213,297,357,225,224,227
428,224,271,391,201,239,352,248,314,325,292,216,221,232,204,260,244,331,316,366
429,248,373,329,309,225,208,294,234,382,348,286,227,229,207,213,323,323,285,269
430,212,353,322,317,391,245,280,200,374,277,298,386,256,393,219,350,291,371,342
431,334,286,272,225,209,245,209,297,223,355,215,243,261,217,253,283,267,283,310
432,278,241,284,312,318,337,297,270,201,380,304,371,355,274,287,361,209,373,233
433,311,249,344,356,244,395,246,389,225,219,353,372,397,380,400,273,349,395,390
434,284,329,240,258,271,394,223,296,276,296,222,321,334,337,237,236,312,378,290
435,317,348,316,280,203,228,361,200,256,364,297,364,318,218,217,276,336,363,345
436,333,267,297,241,311,295,346,222,290,371,266,248,246,355,337,284,397,235,282
437,309,359,377,209,291,283,283,360,354,248,229,330,261,328,363,337,359,362,395
438,388,253,359,330,372,370,220,233,345,396,322,200,301,348,221,330,313,229,283
439,346,224,343,335,283,308,400,315,204,261,348,235,289,334,261,299,267,223,207
440,233,309,243,320,397,335,330,203,329,337,223,252,233,365,248,357,241,277,229
441,283,252,339,369,330,296,306,283,329,300,214,371,304,386,368,328,205,278,370
442,339,281,274,278,321,221,393,215,342,370,336,323,244,210,339,386,221,362,263
443,302,285,211,209,265,388,211,290,243,377,379,205,247,373,295,286,245,232,397
444,356,293,364,298,291,293,371,338,313,201,210,310,331,331,391,364,234,331,316
445,336,263,358,211,277,319,205,246,296,251,348,398,379,306,276,306,273,251,301
446,310,324,385,338,330,376,368,229,211,382,234,318,262,204,294,394,290,299,204
447,247,356,253,340,232,276,325,338,201,318,380,388,292,340,267,257,306,202,250
448,268,238,235,374,396,238,313,333,267,379,284,239,240,328,369,288,269,346,300
449,357,269,231,207,335,316,362,291,277,246,227,266,226,231,212,222,379,307,265
450,376,317,347,341,381,330,392,330,362,245,238,380,354,375,255,301,244,392,300
451,250,307,250,239,298,380,269,367,255,343,390,279,286,399,317,306,222,365,262
452,213,208,309,345,306,379,391,231,227,339,238,366,295,262,267,349,384,213,387
453,345,351,207,260,276,275,213,267,369,330,374,300,389,281,322,304,349,353,370
454,270,229,382,283,276,322,287,313,379,254,220,206,237,337,202,384,223,302,308
455,213,295,317,321,312,352,315,341,377,236,257,375,388,377,323,288,350,382,358
456,393,311,203,298,381,336,330,363,319,260,216,312,306,335,304,321,277,208,314
457,234,211,388,284,263,216,300,297,240,274,359,286,296,318,319,237,363,364,209
458,321,349,307,340,331,395,367,213,291,372,209,217,236,366,256,301,358,305,347
459,315,259,243,353,200,225,201,227,297,315,396,252,219,365,393,364,244,300,302
460,249,232,238,245,345,214,386,265,205,236,373,361,257,324,333,276,328,267,387
461,310,303,399,331,278,325,290,392,242,278,282,365,276,377,382,282,227,227,389
462,376,344,383,379,234,353,293,250,265,357,314,252,356,244,251,331,238,384,256
463,279,298,237,212,376,382,360,233,307,321,282,313,281,338,263,224,358,295,345
464,339,276,269,211,306,338,366,226,297,328,279,379,288,338,325,340,341,291,343
465,286,372,295,306,279,204,380,243,311,395,309,242,275,293,369,394,357,207,282
466,242,255,215,346,337,210,282,289,358,320,389,369,326,366,321,286,223,213,368
467,258,386,290,292,379,312,357,371,239,289,383,216,276,400,231,342,348,391,382
468,348,337,361,283,287,342,253,357,211,314,284,273,383,249,306,206,238,233,230
469,247,384,341,399,387,349,285,284,287,304,222,243,331,398,206,259,351,261,358
470,369,243,267,285,379,265,256,297,337,359,290,374,256,357,291,397,231,369,222
471,235,347,376,265,240,333,359,219,258,248,284,328,367,277,290,201,299,238,274
472,377,316,278,361,280,242,204,204,264,241,218,228,385,254,342,372,329,260,233
473,342,325,301,345,378,268,254,248,266,234,363,347,367,253,329,311,236,269,227
474,243,369,317,284,232,275,264,367,246,345,303,207,374,221,383,228,349,289,345
475,206,354,392,232,364,344,375,267,239,358,226,316,338,275,303,317,250,339,357
476,248,334,208,268,305,220,231,319,336,380,211,255,247,325,353,379,214,208,368
477,330,307,304,328,316,310,273,263,379,331,348,252,334,286,295,203,330,340,248
478,212,250,309,243,366,267,334,250,212,200,346,312,258,396,368,367,301,300,237
479,238,217,369,231,282,232,212,390,336,270,354,201,274,289,315,258,373,332,237
480,214,295,385,246,374,381,372,346,320,330,211,330,227,263,363,331,224,257,368
481,218,372,239,359,398,343,360,208,278,263,382,207,287,275,242,222,344,302,377
482,376,330,323,391,321,206,376,280,306,357,235,253,390,251,341,291,227,318,277
483,369,283,341,270,319,380,367,361,227,358,340,264,330,383,257,270,386,202,289
484,263,238,369,386,372,312,246,243,344,248,322,330,393,205,294,226,270,324,293
485,313,400,267,252,332,257,270,393,250,267,201,296,206,250,245,332,262,303,302
486,243,272,366,364,279,390,383,270,282,298,367,287,288,276,264,221,218,396,253
487,380,266,356,214,319,307,262,376,381,280,259,396,280,359,337,370,375,318,318
488,375,368,364,281,341,360,274,214,250,321,282,378,256,242,295,396,334,391,295
489,229,315,236,330,345,290,257,390,204,258,375,219,263,298,218,386,395,361,289
490,259,330,346,386,312,290,263,390,374,304,219,336,214,303,384,212,256,201,388
491,263,310,378,352,390,317,229,299,275,264,330,256,232,240,279,285,246,243,302
492,230,207,376,370,228,291,229,276,273,397,202,303,263,393,242,334,281,347,328
493,396,394,213,374,297,237,220,255,291,342,361,395,241,268,392,398,369,244,218
494,367,340,240,283,221,222,335,233,256,379,362,294,238,364,245,290,254,346,358
495,312,244,212,217,365,355,303,276,333,214,260,240,323,315,205,304,320,340,314
496,330,365,371,377,208,270,310,367,294,381,376,344,281,226,217,208,227,212,276
497,280,241,275,381,396,312,380,281,254,238,252,353,315,325,206,251,305,348,318
498,359,367,301,396,216,397,258,242,365,278,273,386,382,315,251,295,347,338,275
499,243,319,203,236,315,231,216,338,206,220,391,347,333,230,288,279,231,354,239
500,205,304,282,305,318,287,259,202,392,272,384,320,241,296,234,325,251,223,369
501,347,368,386,226,264,220,340,339,312,370,340,263,241,315,339,381,373,281,384
502,292,248,347,214,284,293,241,368,344,294,265,281,346,257,289,374,298,253,278
503,342,391,231,271,204,275,252,318,346,356,247,339,239,369,287,277,211,321,205
504,244,345,268,383,220,206,200,215,266,305,321,241,346,263,234,359,287,368,375
505,238,394,217,205,204,287,375,335,327,327,222,340,243,393,264,366,355,312,330
506,362,302,345,315,348,333,260,287,385,370,315,309,259,205,292,277,394,261,305
507,316,249,309,214,283,239,308,359,363,207,258,267,319,368,211,267,211,322,310
508,296,237,386,383,358,251,345,358,209,325,240,385,221,361,247,387,300,308,254
509,266,292,239,313,381,248,356,247,320,245,327,314,306,345,364,226,307,208,316
510,274,223,275,330,372,292,275,309,360,362,390,386,398,357,218,211,392,224,304
511,374,363,231,205,299,227,277,368,265,277,382,389,279,292,273,398,225,292,312
512,304,290,235,246,382,372,387,361,399,295,293,321,221,247,282,205,253,345,356
513,347,313,263,394,278,298,376,230,393,214,227,344,330,379,271,396,394,298,348
514,222,337,221,348,208,339,342,320,384,372,296,219,325,333,304,323,263,385,360
515,296,290,361,323,229,396,396,375,205,332,384,345,263,362,208,326,230,320,297
516,217,296,259,385,300,295,222,255,343,221,265,313,238,361,361,275,301,265,381
517,256,355,397,341,366,262,336,251,284,312,270,299,337,339,307,229,210,287,396
518,312,297,382,236,237,292,370,208,232,377,258,334,236,348,327,365,366,243,323
519,329,263,290,209,275,303,257,331,345,246,367,347,211,219,264,353,269,380,391
520,383,267,209,284,255,344,243,350,336,329,200,388,232,315,292,389,393,318,264
521,244,378,358,240,347,353,258,357,235,364,306,372,253,399,265,212,266,203,291
522,235,385,282,386,302,276,357,252,211,385,236,362,241,296,346,315,339,331,298
523,376,360,377,285,277,207,321,216,264,207,383,388,355,323,356,274,286,366,337
524,349,208,268,375,225,269,223,306,324,379,262,354,312,236,398,312,289,220,368
525,341,247,266,311,344,344,267,331,316,321,314,262,313,355,238,288,376,379,393
526,335,368,398,241,327,251,371,277,306,208,224,307,226,283,261,260,332,233,338
527,249,227,225,346,332,226,396,210,382,298,288,304,328,336,296,305,232,345,216
528,284,323,376,346,273,330,289,247,284,295,252,325,390,395,202,336,234,274,287
529,248,266,313,241,264,241,262,354,258,209,226,275,214,217,316,298,360,383,400
530,298,390,338,321,202,324,393,248,241,287,214,284,212,244,356,253,340,394,294
531,325,237,298,222,345,325,243,207,330,241,240,267,378,325,353,210,226,244,250
532,351,215,232,344,213,270,330,363,255,311,398,213,282,332,249,232,203,337,332
533,208,207,371,241,255,286,251,399,386,354,294,348,296,201,301,397,295,332,277
534,257,339,234,290,396,219,357,272,327,330,314,249,251,250,239,360,217,263,248
535,224,338,332,315,385,322,208,341,396,286,283,377,319,374,291,393,207,315,243
536,274,309,337,376,202,360,373,271,229,236,347,200,271,280,331,379,317,296,210
537,218,371,288,397,254,378,245,355,375,371,323,306,327,320,289,288,303,242,380
538,281,310,305,251,267,381,303,393,330,400,238,299,312,316,366,277,259,345,371
539,348,348,351,356,397,218,320,269,211,301,217,399,271,368,381,290,355,277,356
540,370,386,392,315,334,360,238,214,374,225,327,201,302,287,372,397,210,301,253
541,246,207,393,364,334,330,237,345,346,371,265,361,275,207,244,375,303,332,373
542,231,337,270,357,220,334,272,290,226,366,295,293,306,293,288,355,235,342,226
543,250,369,353,211,267,213,313,339,329,382,327,376,321,395,279,353,399,362,298
544,268,234,386,311,234,299,308,240,217,210,238,360,289,230,276,246,353,374,363
545,219,350,258,363,286,209,371,313,380,347,285,272,257,216,242,386,251,324,345
546,229,392,329,239,357,209,316,270,234,301,204,323,282,247,240,283,337,339,263
547,214,351,287,220,261,262,310,279,251,378,358,212,303,384,265,349,320,311,255
548,266,253,286,296,383,398,340,248,400,347,232,210,296,236,213,219,307,233,302
549,382,370,306,302,393,248,376,384,280,319,365,316,370,206,301,366,223,320,267
550,316,387,335,204,334,370,280,325,246,372,396,376,273,325,383,240,212,385,214
551,284,262,231,388,267,216,241,382,379,385,265,287,203,258,201,309,337,276,330
552,222,248,239,232,265,212,207,385,360,330,232,299,236,256,285,390,247,291,398
553,335,374,313,400,332,249,325,374,372,381,305,206,388,260,305,280,344,304,363
554,346,271,211,319,358,266,315,315,295,260,282,282,217,355,218,221,324,244,295
555,389,261,282,346,244,276,388,255,329,396,348,324,274,364,353,339,280,202,388
556,256,252,311,244,320,372,267,219,389,313,222,384,233,246,349,219,311,388,397
557,309,388,219,257,235,278,304,236,381,393,357,292,224,313,400,373,293,261,305
558,339,219,400,352,206,356,334,236,320,352,315,344,318,355,400,300,394,309,385
559,289,290,344,353,228,358,333,208,200,216,207,335,341,340,295,228,311,228,280
560,218,380,274,259,214,379,355,201,228,293,279,312,325,375,364,263,308,394,295
561,203,206,306,219,233,381,352,388,246,335,229,398,348,235,398,378,215,311,353
562,269,324,400,302,300,381,286,396,386,349,333,350,214,272,223,223,202,256,302
563,335,273,367,248,265,259,218,227,323,329,299,371,390,224,207,204,331,382,349
564,211,319,278,325,266,303,247,272,241,202,260,368,230,357,286,251,230,273,398
565,239,391,263,342,299,270,283,221,210,382,232,298,336,252,395,332,328,293,285
566,252,373,376,362,308,242,346,237,203,302,243,327,339,287,285,243,367,364,276
567,275,362,239,357,252,348,307,353,219,391,344,210,238,379,304,309,301,338,383
568,284,379,221,278,260,282,361,384,326,326,221,382,270,247,217,214,369,352,203
569,328,331,277,222,268,257,390,259,321,342,294,356,382,270,368,339,327,313,208
570,205,336,316,236,288,370,241,394,390,263,356,251,379,396,328,311,389,367,260
571,285,208,333,286,351,336,275,227,307,246,292,275,399,318,276,295,299,285,206
572,344,304,241,211,279,214,289,203,323,285,258,295,280,267,233,220,310,357,263
573,352,253,343,269,314,325,381,359,332,387,324,256,346,308,364,325,286,259,293
574,239,203,248,351,344,283,308,358,368,363,393,345,266,244,363,301,270,259,344
575,386,237,353,263,243,268,316,348,306,291,212,321,237,343,371,209,213,214,253
576,251,262,326,396,261,362,264,246,387,295,388,208,382,282,265,383,381,367,373
577,223,336,293,390,224,398,238,384,238,319,336,341,294,245,241,269,230,213,352
578,282,206,374,228,217,240,237,379,205,272,372,312,363,310,289,208,397,323,329
579,261,338,244,322,332,350,351,354,224,330,223,252,233,279,242,239,207,304,355
580,336,357,246,329,204,277,353,248,339,349,302,226,270,224,221,269,272,239,226
581,251,226,206,219,232,213,342,381,339,360,264,305,314,294,379,315,319,342,274
582,206,207,358,291,216,245,313,378,263,355,345,359,253,240,348,273,202,336,364
583,291,321,321,280,390,314,274,279,259,280,392,221,213,200,235,326,247,377,272
584,349,330,239,366,332,280,400,393,225,252,291,214,324,287,376,360,344,342,216
585,358,237,288,272,319,324,359,218,327,302,368,276,395,345,343,311,385,209,279
586,289,321,394,397,315,391,259,323,239,353,348,365,364,243,290,236,354,321,221
587,271,261,288,214,272,322,374,390,262,268,200,332,215,265,310,394,215,349,329
588,348,350,239,201,276,305,341,367,306,259,327,308,224,259,271,203,364,242,348
589,399,280,305,390,225,208,205,208,282,378,201,211,344,226,257,392,329,212,347
590,337,235,359,395,392,297,247,286,355,236,337,375,229,380,362,230,355,323,304
591,353,276,365,225,343,324,316,209,320,248,247,244,223,333,258,333,259,305,324
592,385,222,279,376,398,394,269,321,258,206,245,276,214,260,394,213,266,248,387
593,399,390,310,233,369,228,365,354,329,331,344,281,379,242,342,273,365,397,289
594,335,200,317,358,375,319,352,262,214,241,271,238,214,251,227,200,377,271,330
595,211,222,366,271,374,358,224,336,347,317,320,244,308,201,393,256,384,225,204
596,368,293,286,286,348,268,204,263,384,397,377,292,330,327,234,333,231,332,215
597,392,329,397,267,393,253,316,359,232,357,218,314,264,290,377,288,246,366,292
598,223,372,377,388,379,248,376,243,291,233,397,249,329,398,373,255,351,378,318
599,295,336,392,323,386,254,288,285,398,379,286,375,338,336,303,310,238,286,232
600,333,248,391,339,236,249,324,270,348,370,386,359,376,242,316,212,251,306,380
601,265,291,272,325,318,201,220,329,266,359,335,220,261,233,280,344,215,348,326
602,220,318,365,314,396,394,380,359,325,214,223,332,307,326,311,325,214,336,214
603,340,206,333,344,247,394,262,394,214,306,204,269,213,262,232,318,328,221,215
604,293,288,378,270,361,361,239,340,334,238,243,245,393,334,355,241,338,254,235
605,345,398,376,386,346,277,316,366,389,381,273,314,209,331,336,278,350,236,210
606,330,279,300,211,218,351,206,209,341,214,354,325,292,366,369,360,265,209,390
607,268,301,247,261,279,386,333,378,355,266,273,285,243,342,343,228,249,349,343
608,335,263,357,354,278,393,385,327,246,218,281,388,293,265,288,321,203,373,376
609,265,360,234,393,354,333,312,205,200,373,250,271,339,348,350,343,326,345,281
610,339,280,203,381,290,300,204,230,332,347,257,342,200,257,350,347,285,400,371
611,336,224,277,220,281,301,307,284,316,265,308,379,260,218,297,398,399,398,211
612,305,313,361,208,339,306,229,252,362,203,259,335,241,274,244,217,333,344,382
613,234,227,200,234,309,339,219,242,353,247,294,261,223,270,268,273,308,238,350
614,224,203,278,369,386,291,302,267,291,238,296,250,228,242,347,380,300,328,377
615,280,352,241,389,288,272,286,231,390,367,264,236,371,329,226,270,217,254,398
616,363,394,260,385,285,262,376,239,337,215,228,358,293,220,372,221,205,208,315
617,341,317,252,253,296,330,242,218,201,274,349,355,257,215,268,261,214,369,306
618,303,200,356,288,219,321,325,361,206,238,226,231,255,253,368,398,266,235,311
619,326,259,340,344,325,318,325,228,389,374,233,382,268,226,359,383,208,261,333
620,316,310,256,327,381,282,388,340,370,212,256,358,310,260,265,285,322,351,246
621,294,332,393,273,343,237,275,307,395,238,319,356,363,285,270,221,212,233,384
622,315,279,235,221,306,245,291,304,294,303,337,291,379,358,226,299,267,223,363
623,354,390,219,294,380,335,349,344,399,314,338,339,271,343,240,361,320,235,256
624,312,206,235,241,208,354,345,247,372,299,373,280,310,324,210,276,369,341,289
625,286,247,272,246,213,332,283,205,205,223,208,254,292,281,362,367,352,262,277
626,369,204,250,328,255,337,280,234,360,281,354,240,250,369,304,280,279,213,333
627,307,236,361,266,294,283,340,223,376,300,398,239,245,292,392,234,218,294,310
628,383,344,259,378,348,294,376,202,336,311,248,256,321,288,223,368,300,349,309
629,301,395,279,218,363,252,210,277,252,387,379,283,218,314,355,201,353,280,271
630,218,352,212,242,260,321,258,240,218,211,275,269,265,359,214,374,333,247,319
631,230,390,308,230,350,390,361,318,234,259,367,221,255,384,265,240,387,254,241
632,255,340,265,349,348,286,352,330,362,271,264,377,236,383,330,326,245,221,249
633,338,210,368,393,371,375,332,397,268,340,295,285,238,330,344,235,282,242,379
634,297,216,292,201,337,390,343,358,296,294,370,312,234,289,258,270,293,360,344
635,301,323,381,204,281,396,346,293,392,382,232,341,243,221,327,325,224,345,231
636,369,345,253,262,400,329,350,226,376,273,289,369,347,394,261,279,316,344,260
637,281,237,341,201,315,397,335,357,242,266,341,248,252,216,297,219,264,295,338
638,235,244,371,275,392,306,253,384,309,291,323,375,337,267,251,271,380,354,400
639,270,303,241,222,285,356,239,373,252,297,330,273,340,348,217,205,336,255,207
640,334,383,316,379,380,305,269,325,367,295,254,375,289,264,253,315,268,258,317
641,390,275,297,325,391,273,249,223,318,232,290,346,397,235,284,331,297,243,201
642,336,263,400,242,202,292,265,302,361,312,361,212,358,297,323,237,389,313,294
643,395,331,375,361,234,224,350,205,257,281,319,203,328,230,238,398,224,258,279
644,299,273,353,394,281,377,318,314,216,214,394,257,345,315,385,235,261,384,306
645,293,386,235,241,381,324,236,335,305,213,280,201,281,301,304,313,308,278,330
646,328,237,353,254,291,362,389,233,318,354,260,247,236,265,227,358,230,273,292
647,211,202,366,274,340,219,266,316,243,223,298,236,393,275,318,257,266,374,259
648,317,397,333,275,255,372,331,324,247,396,234,396,325,309,358,342,230,251,243
649,254,269,359,332,260,350,212,304,283,298,391,222,379,326,286,201,268,243,337
650,339,310,266,222,250,271,330,370,316,252,267,295,394,261,281,244,303,282,206
651,325,256,299,376,297,283,274,349,272,361,207,396,364,203,272,303,303,209,246
652,218,238,346,213,391,308,235,283,340,235,285,343,285,253,275,316,304,222,218
653,251,277,248,227,278,246,217,297,305,317,276,249,213,312,331,305,207,301,327
654,308,321,384,398,320,232,265,231,274,268,344,236,253,254,345,391,376,394,318
655,288,387,351,315,372,287,298,303,282,375,261,398,356,255,359,236,236,356,231
656,272,375,220,251,257,272,240,309,212,317,272,275,350,203,350,288,284,366,245
657,229,216,229,240,380,262,321,351,211,228,304,343,264,382,306,218,218,274,365
658,350,330,345,302,204,266,239,336,209,233,263,284,339,202,397,305,366,271,201
659,382,255,323,387,278,345,289,260,397,382,242,340,351,289,209,279,220,257,342
660,392,252,368,202,350,348,359,208,350,224,214,260,203,298,248,292,287,217,214
661,380,310,321,363,399,219,263,320,248,331,295,325,272,371,313,363,301,372,328
662,276,231,213,270,294,246,209,253,307,296,364,297,382,237,317,306,247,308,342
663,397,387,256,227,260,399,207,354,225,222,349,220,330,272,308,230,358,346,386
664,252,349,288,282,294,340,236,276,241,381,319,246,390,299,201,259,267,273,395
665,284,320,312,210,210,311,275,314,289,347,237,379,377,345,274,252,209,261,201
666,267,340,267,396,216,383,323,340,354,206,302,367,240,298,314,377,283,252,257
667,283,252,261,241,212,273,309,377,338,297,323,321,379,325,399,289,246,232,222
668,229,290,351,304,277,297,230,307,331,371,206,230,312,210,222,213,339,349,276
669,208,266,207,398,305,361,390,315,295,345,383,380,254,256,227,349,246,224,212
670,254,225,214,290,220,361,298,359,275,342,380,392,268,230,347,255,378,292,382
671,212,286,356,255,217,357,346,250,341,276,268,282,321,265,336,313,348,394,377
672,316,254,289,323,256,315,396,391,356,314,239,240,331,332,247,292,269,385,263
673,397,335,348,366,237,265,370,206,312,213,200,253,339,218,246,340,344,277,385
674,292,371,399,346,237,369,377,361,319,311,239,258,399,369,330,314,292,357,361
675,292,207,233,366,389,362,338,216,210,263,273,297,370,256,310,225,291,349,269
676,206,229,400,230,313,305,315,297,387,281,262,231,342,321,270,335,400,263,292
677,271,298,209,225,308,250,264,340,336,243,279,289,364,323,245,268,310,249,248
678,353,370,275,265,281,308,330,372,368,250,258,287,212,222,386,252,304,303,303
679,389,208,216,363,384,333,364,388,332,218,316,303,212,337,224,247,345,385,238
680,353,316,227,398,341,266,203,258,229,387,222,319,243,328,216,225,301,306,332
681,364,363,203,209,370,315,387,302,222,276,372,289,339,386,281,269,219,350,336
682,352,385,271,346,236,279,274,344,354,395,364,295,254,349,375,234,324,330,301
683,273,204,258,295,283,329,297,253,285,356,373,354,400,374,307,263,307,290,375
684,395,272,283,213,379,316,382,233,207,221,387,269,355,311,201,206,221,218,202
685,220,345,315,299,223,287,255,345,270,255,249,304,307,249,255,222,360,331,247
686,210,284,255,295,373,248,288,273,382,380,241,226,310,361,237,206,340,339,367
687,257,300,253,288,204,390,232,355,234,264,294,256,283,299,249,298,396,379,274
688,310,218,324,335,301,257,270,234,274,369,250,259,214,330,259,320,287,288,375
689,252,258,342,288,244,389,398,201,363,350,241,370,264,332,255,300,225,241,332
690,352,373,280,319,335,383,297,261,362,222,229,344,396,246,208,205,306,252,373
691,340,231,394,350,301,329,381,287,212,382,253,333,308,294,322,363,238,365,333
692,384,339,329,388,244,299,252,256,302,259,316,252,288,380,394,360,233,206,227
693,219,305,207,271,232,391,203,389,356,332,205,305,202,389,219,233,390,210,356
694,278,224,269,283,300,390,274,221,370,243,382,240,266,236,236,216,341,209,276
695,254,251,365,304,287,366,269,310,322,346,314,347,244,327,253,319,203,342,392
696,329,251,353,249,271,341,278,321,379,223,218,238,250,250,203,276,400,350,305
697,273,350,396,371,280,386,364,225,248,271,362,355,387,350,339,226,354,273,259
698,397,356,306,355,207,219,396,332,319,360,299,297,350,240,318,305,376,283,314
699,399,226,288,395,283,373,357,280,286,243,321,221,386,349,277,282,303,212,255
700,302,344,351,286,398,235,258,382,328,284,352,371,251,311,316,325,241,272,276
701,278,389,275,231,318,255,289,234,276,242,347,300,338,347,230,254,299,366,356
702,200,256,366,212,281,374,374,210,373,200,308,234,346,289,302,240,362,318,273
703,266,297,203,247,208,211,383,287,326,314,292,200,217,206,355,258,366,315,345
704,385,297,364,323,376,256,301,330,232,312,345,396,274,344,208,385,325,368,241
705,292,292,288,236,258,213,206,263,343,300,286,391,240,227,201,264,386,267,363
706,348,258,337,386,221,282,349,396,224,226,362,273,285,364,378,311,231,359,358
707,301,228,308,242,312,382,322,244,246,282,310,382,203,275,270,270,213,350,371
708,252,362,202,275,395,270,288,264,224,355,382,300,213,323,238,351,350,240,282
709,248,359,263,360,215,380,281,243,388,392,400,220,231,250,388,297,383,378,376
710,308,386,387,329,243,256,305,395,217,394,398,275,305,326,313,259,396,260,376
711,262,248,325,394,299,277,278,391,229,364,330,366,251,364,245,334,339,210,364
712,386,364,283,356,206,221,285,382,370,306,241,274,292,298,258,378,260,333,331
713,350,273,396,345,300,336,379,365,282,306,399,239,366,230,249,258,311,260,300
714,250,284,291,251,360,270,362,255,245,206,387,207,391,271,354,306,274,381,256
715,394,363,330,391,357,243,390,237,306,224,360,342,217,360,272,331,215,353,336
716,400,364,327,400,313,346,348,318,361,400,343,315,290,228,353,304,249,273,397
717,252,371,359,276,225,203,258,247,290,388,206,372,259,288,318,208,241,309,338
718,227,293,252,345,214,386,356,255,378,252,229,322,256,313,290,384,272,371,275
719,290,256,394,289,394,396,248,280,366,204,299,301,302,334,277,364,252,361,242
720,320,249,380,315,396,293,364,222,271,239,329,338,395,282,250,230,259,294,382
721,348,385,301,233,361,323,350,335,388,260,366,357,396,388,365,312,285,283,269
722,334,345,233,241,290,337,260,208,286,235,327,258,207,327,282,347,375,215,311
723,213,398,231,358,351,324,338,331,307,235,237,243,397,328,384,262,247,283,227
724,306,389,272,299,291,398,355,258,295,331,203,384,265,278,298,384,382,203,338
725,345,238,393,286,224,287,336,373,342,374,353,209,292,339,339,305,224,389,348
726,294,263,245,388,214,256,285,354,396,373,351,349,329,325,358,363,209,383,364
727,352,266,300,277,276,346,269,318,382,326,399,240,351,311,317,209,275,241,395
728,267,398,339,361,210,349,240,291,221,377,314,228,350,224,323,361,235,270,342
729,359,306,318,352,301,297,210,344,358,203,299,254,235,227,390,256,312,277,346
730,349,383,313,344,225,388,289,213,206,378,275,303,306,259,225,378,318,231,381
731,205,337,391,309,235,360,287,217,391,273,287,336,331,362,226,200,315,326,203
732,363,275,211,219,253,333,248,352,311,343,306,236,218,257,213,389,203,280,346
733,249,280,343,215,326,330,218,336,316,204,366,281,372,356,331,277,348,362,290
734,360,371,257,390,242,211,271,254,332,243,236,378,319,304,383,348,215,201,371
735,382,248,239,341,288,349,317,304,235,251,274,259,387,294,351,325,250,329,400
736,349,358,256,291,348,272,324,396,205,248,347,256,239,316,383,357,239,398,306
737,255,345,378,296,262,385,209,261,201,281,203,372,386,342,224,266,207,259,308
738,203,354,273,213,228,367,332,328,394,272,361,364,303,242,343,244,392,373,399
739,213,337,228,395,278,297,346,395,291,314,349,310,233,279,204,269,252,238,283
740,382,266,265,222,327,229,201,304,362,294,326,335,254,292,225,323,272,254,346
741,365,291,219,217,380,316,364,374,327,309,399,250,361,289,336,289,279,314,394
742,323,317,384,360,360,288,205,348,242,200,257,237,262,205,257,245,288,299,374
743,320,233,394,331,241,253,302,309,385,351,374,344,289,209,385,223,362,293,241
744,211,205,214,295,284,301,312,200,281,300,305,254,391,301,308,237,310,336,299
745,272,337,334,370,370,218,217,233,255,326,360,350,287,399,250,226,309,313,234
746,239,298,323,399,267,382,378,203,396,266,303,279,384,343,340,254,362,352,367
747,395,301,391,223,392,372,229,246,379,342,347,371,316,282,278,276,338,344,381
748,220,395,353,221,381,279,242,298,258,218,274,298,260,218,354,261,372,379,218
749,305,360,326,202,201,223,395,342,311,237,399,288,202,249,291,379,211,260,204
750,224,302,365,211,354,275,344,263,319,263,352,341,267,254,295,288,341,340,219
751,217,275,247,365,300,326,210,343,206,348,283,323,339,362,388,203,273,215,294
752,347,223,318,362,352,322,242,294,343,293,206,281,263,367,308,393,330,335,332
753,330,294,343,258,238,229,340,260,354,243,233,397,218,330,394,359,362,308,363
754,278,200,233,341,352,251,275,216,339,386,304,246,270,316,323,313,228,384,203
755,216,207,314,342,342,301,382,359,309,367,327,337,243,257,234,314,206,220,248
756,336,216,369,205,301,313,228,254,350,298,345,251,208,394,323,331,336,210,381
757,229,203,251,260,382,392,282,362,203,284,370,236,390,289,273,371,332,276,329
758,314,315,211,204,369,302,276,355,261,339,248,355,323,370,392,244,399,380,276
759,340,279,397,331,275,377,218,362,262,290,267,353,325,201,327,367,213,359,216
760,203,284,392,249,237,323,253,289,271,280,317,369,290,291,347,322,227,355,221
761,399,308,327,302,377,301,374,220,366,318,259,343,273,315,348,334,221,287,384
762,319,336,276,257,374,301,230,246,310,213,278,368,374,336,297,224,379,266,218
763,314,399,349,369,261,326,212,330,256,280,269,249,217,210,241,200,329,269,231
764,233,290,358,237,205,385,244,364,336,276,231,334,214,335,337,223,231,305,260
765,277,290,333,247,388,261,361,296,396,292,220,227,307,369,340,382,389,391,226
766,239,342,312,372,215,360,226,235,381,266,343,362,225,304,326,217,256,310,329
767,292,387,272,234,343,271,364,204,312,290,221,278,291,254,327,209,205,297,303
768,263,340,209,347,218,349,320,259,384,279,375,238,378,373,279,261,203,247,329
769,316,352,212,380,283,270,278,391,391,245,205,364,212,231,364,304,273,310,342
770,298,211,392,289,379,295,350,390,345,340,320,261,208,342,200,373,285,312,323
771,329,356,212,392,327,228,339,269,242,374,313,381,246,232,380,297,342,270,276
772,206,304,200,222,336,317,315,345,400,360,392,212,372,397,208,241,350,306,290
773,368,217,343,230,378,227,314,334,400,383,211,357,276,216,258,225,279,203,387
774,262,365,275,206,232,300,389,357,334,260,294,273,335,232,356,225,213,259,206
775,283,273,247,236,380,210,290,388,282,373,236,323,360,229,223,314,337,398,391
776,203,244,259,316,265,283,369,272,210,345,347,241,332,225,279,281,288,330,312
777,300,393,245,364,239,225,210,391,362,225,281,292,290,398,224,295,225,400,323
778,361,387,367,388,225,278,240,335,255,306,274,346,283,395,248,278,344,274,236
779,260,206,325,290,249,293,222,270,249,389,339,232,215,341,392,295,229,362,217
780,223,320,356,395,263,256,345,336,297,238,370,247,248,221,246,304,249,389,217
781,255,203,226,368,219,387,244,298,389,281,240,392,388,380,264,209,274,307,310
782,352,399,313,234,394,229,208,261,280,390,290,238,343,279,320,239,211,386,243
783,380,290,247,342,271,268,225,262,207,233,237,219,385,266,216,248,343,257,368
784,388,353,225,393,243,398,252,263,325,305,400,397,271,264,357,308,266,399,299
785,277,295,256,304,206,321,279,230,329,262,332,344,351,229,220,293,232,311,344
786,256,207,392,258,338,329,314,204,228,222,231,377,324,247,200,394,288,262,275
787,363,292,344,370,289,393,245,399,286,377,344,308,354,360,399,246,293,236,272
788,394,340,367,311,224,275,299,290,391,220,320,322,368,395,375,215,252,332,368
789,309,262,345,235,378,222,260,335,247,285,379,361,307,379,318,274,385,335,350
790,255,242,280,383,226,291,276,255,382,243,211,221,347,275,339,369,265,330,233
791,306,371,370,388,292,326,310,362,287,398,261,220,341,353,387,274,211,346,400
792,216,289,272,267,244,367,349,369,298,261,220,327,212,269,254,309,257,328,292
793,298,253,256,210,272,260,259,290,297,378,267,380,313,383,339,356,249,308,283
794,270,240,208,357,281,234,218,226,260,350,256,316,347,335,273,282,295,238,280
795,332,313,264,305,284,288,339,258,278,372,299,250,397,290,392,267,369,310,286
796,250,224,239,228,276,205,350,277,378,376,387,369,248,276,298,222,275,331,381
797,388,373,287,276,342,373,372,232,389,219,218,334,388,272,393,216,309,249,306
798,395,383,296,234,294,232,334,229,394,290,284,220,304,357,303,260,367,367,296
799,388,322,231,274,251,347,356,225,385,291,314,255,265,241,396,327,340,256,374
800,294,267,293,235,298,395,360,256,393,239,388,380,344,369,237,369,229,341,359
801,362,327,374,262,291,217,240,235,370,296,301,265,248,265,262,265,208,202,214
802,291,230,380,270,371,282,251,210,290,221,294,308,219,348,220,239,232,359,381
803,297,305,349,390,373,352,259,357,260,255,211,294,343,255,270,329,235,251,224
804,378,354,343,329,365,264,379,379,379,251,261,221,270,210,390,251,253,381,372
805,203,379,335,230,281,236,323,263,377,363,315,211,286,351,372,278,260,281,364
806,261,392,281,227,206,294,344,373,319,321,231,334,367,395,382,348,260,318,271
807,349,377,258,258,356,241,369,352,299,394,235,264,318,349,387,299,333,272,355
808,354,255,257,397,255,318,243,344,275,268,287,212,334,210,232,229,288,216,303
809,382,374,304,263,230,324,373,383,289,339,387,376,213,349,292,220,256,400,295
810,299,285,252,375,261,297,316,261,299,257,337,203,294,222,247,223,336,258,276
811,387,392,305,315,327,277,336,311,358,366,278,368,229,242,352,366,242,387,288
812,375,342,315,280,247,209,314,297,315,254,373,272,294,276,358,376,288,231,219
813,398,342,241,262,276,212,328,270,305,395,395,321,356,308,325,341,376,289,352
814,325,286,200,386,355,280,203,364,268,301,264,366,246,215,234,390,394,330,371
815,315,388,251,221,305,282,399,376,311,212,337,260,271,265,341,380,219,295,352
816,288,273,288,227,368,285,305,254,317,273,331,244,300,383,364,336,310,320,305
817,376,350,354,348,268,234,236,285,229,330,347,333,280,381,395,351,245,319,335
818,356,206,351,306,350,278,279,254,389,341,263,317,252,365,239,277,388,286,244
819,301,304,371,307,316,275,264,371,379,350,313,348,278,304,349,241,221,244,308
820,264,275,275,297,350,287,369,226,309,218,289,281,313,245,340,291,272,339,301
821,391,239,389,273,369,321,283,330,287,238,229,203,316,360,344,336,389,229,386
822,209,283,230,368,225,366,241,367,298,212,380,351,354,280,368,325,373,285,331
823,275,273,297,240,363,212,288,281,389,217,261,280,304,365,297,315,247,316,248
824,331,265,243,384,209,391,229,289,363,245,288,313,323,373,295,349,238,400,359
825,363,354,282,360,268,256,228,228,300,268,395,373,255,312,244,301,330,265,213
826,202,250,381,317,287,240,319,235,238,381,357,335,261,343,332,250,241,287,384
827,365,330,243,335,201,285,218,308,226,310,331,243,256,327,282,376,369,396,202
828,252,364,376,316,344,265,225,248,375,305,266,348,281,352,376,346,319,231,306
829,370,243,388,325,238,366,264,267,338,322,243,373,307,387,239,329,384,327,383
830,203,259,280,321,373,347,365,296,393,347,282,336,310,334,374,234,264,380,207
831,380,270,288,361,244,246,369,352,306,312,358,389,205,240,346,349,381,375,237
832,320,376,370,213,226,282,361,263,303,262,382,289,225,319,237,303,378,331,261
833,369,231,289,230,241,310,366,280,277,229,386,213,364,336,211,253,374,314,302
834,369,331,373,227,335,230,276,316,211,265,255,369,371,377,215,259,399,282,271
835,243,230,344,379,224,241,332,324,274,393,365,328,281,387,229,284,370,227,380
836,351,344,395,357,286,381,285,261,387,216,363,262,302,327,317,293,212,372,231
837,341,300,200,254,281,210,365,231,301,397,391,245,215,305,356,290,338,244,262
838,343,218,372,250,281,320,389,323,355,379,388,225,257,200,355,309,277,267,365
839,273,357,368,284,273,263,267,336,312,400,230,353,251,365,288,210,202,302,283
840,273,252,365,361,292,359,266,266,354,288,386,349,364,365,382,234,346,246,337
841,224,336,367,225,269,231,264,320,383,385,367,291,334,284,268,326,201,331,292
842,225,232,370,351,301,294,310,346,327,294,268,320,317,302,326,253,305,242,269
843,319,318,255,395,290,379,267,223,298,393,325,257,241,221,357,267,399,298,389
844,344,232,207,280,324,230,300,260,394,296,336,281,389,303,243,379,218,294,384
845,400,294,388,310,288,400,359,380,244,215,326,335,273,226,331,331,398,222,259
846,346,209,373,288,327,340,374,287,234,248,377,294,349,367,371,343,358,234,332
847,323,359,305,370,231,328,238,342,296,312,343,348,341,238,222,218,253,303,400
848,219,329,327,378,254,349,249,242,296,231,299,327,224,271,264,325,391,230,258
849,212,399,280,369,200,351,352,380,383,313,377,350,342,223,217,249,244,389,234
850,242,242,305,355,273,355,397,291,269,220,351,309,248,323,217,266,332,240,396
851,212,260,233,274,330,293,208,245,378,281,217,291,303,254,376,292,260,331,254
852,291,315,394,230,266,334,361,300,252,236,263,367,255,342,349,239,293,293,357
853,371,329,214,400,287,362,234,245,345,284,328,219,339,323,386,395,288,385,342
854,351,391,368,200,240,295,343,392,345,264,315,205,329,345,216,234,307,269,318
855,262,247,382,255,211,315,351,307,274,281,285,375,379,291,243,325,304,379,335
856,364,262,359,399,299,321,340,205,311,245,376,359,238,352,349,322,230,323,362
857,244,276,257,394,239,379,355,287,306,364,353,280,245,265,244,382,382,372,276
858,200,309,270,272,250,306,217,255,376,212,385,291,374,383,313,391,253,253,376
859,336,397,356,350,250,214,362,249,259,343,250,293,235,342,382,234,333,281,363
860,376,305,394,369,297,366,384,243,291,383,314,379,352,312,222,261,269,282,269
861,228,353,306,214,265,336,297,200,315,353,316,366,241,277,252,382,367,208,299
862,202,397,398,216,214,344,280,256,340,327,312,348,397,236,400,261,254,329,286
863,275,317,287,244,316,291,367,283,247,228,276,370,331,294,331,250,274,247,378
864,201,248,274,229,239,341,316,226,217,325,252,387,261,282,399,239,256,213,275
865,246,203,312,362,328,225,352,292,303,258,305,301,220,354,226,234,354,350,205
866,390,358,394,227,310,319,269,351,201,346,315,396,212,245,303,223,329,294,213
867,326,276,209,242,358,225,324,304,220,397,387,348,223,336,344,234,370,272,373
868,204,314,305,341,226,273,213,222,366,325,352,386,387,373,210,358,344,216,274
869,304,321,372,214,260,251,358,344,325,394,317,393,250,331,268,246,331,284,240
870,223,373,355,217,218,291,260,287,327,283,381,295,238,367,212,266,339,318,292
871,380,344,232,226,347,286,331,205,399,280,224,277,255,365,354,325,385,315,386
872,379,305,210,317,227,266,284,258,376,359,301,327,310,346,321,322,278,330,224
873,287,327,267,369,327,272,334,358,292,358,258,313,349,377,374,351,229,303,373
874,280,227,207,204,289,392,200,374,258,366,367,297,339,220,399,320,357,264,262
875,345,223,393,224,216,293,343,275,393,206,306,204,393,246,276,400,379,251,310
876,382,297,331,344,211,316,348,281,310,249,253,235,313,223,383,339,236,310,393
877,257,219,391,341,384,381,307,304,245,306,239,276,216,387,397,334,216,222,399
878,302,242,302,257,365,301,204,203,399,328,362,334,310,257,289,245,296,247,352
879,277,284,293,373,210,258,390,256,225,292,246,315,316,389,250,252,260,294,389
880,359,303,377,326,240,349,228,312,282,202,231,335,309,229,237,215,386,345,305
881,256,346,255,317,327,369,393,294,371,223,357,288,301,253,233,254,220,316,214
882,254,312,351,389,383,331,381,386,256,299,201,390,234,213,332,354,313,311,291
883,329,200,310,306,380,363,383,210,278,275,343,235,357,365,394,323,211,235,293
884,337,387,241,387,351,204,253,203,375,378,278,361,254,213,228,255,239,300,379
885,231,295,394,332,222,365,389,208,304,335,324,206,341,344,364,297,217,364,207
886,353,216,254,280,265,240,200,233,344,286,296,393,287,282,270,206,395,346,269
887,385,233,332,294,242,358,336,377,300,243,268,300,226,345,350,210,314,273,305
888,298,314,200,351,277,329,286,204,261,346,307,272,336,369,308,203,354,207,375
889,212,268,368,386,325,326,305,290,202,309,219,398,357,250,226,228,223,226,395
890,312,231,231,355,242,310,282,291,260,312,329,322,209,257,354,256,215,226,328
891,203,284,355,361,258,267,328,265,252,348,313,357,294,398,247,203,235,332,307
892,354,324,321,345,208,229,321,305,376,385,367,336,230,285,276,317,250,255,233
893,239,202,224,210,294,217,327,320,346,203,242,257,312,227,207,216,398,284,319
894,244,364,398,391,233,351,262,290,210,244,205,344,355,366,375,202,377,266,299
895,322,290,353,352,257,229,263,291,362,338,320,367,226,334,322,353,271,226,357
896,395,383,205,287,360,353,256,211,291,247,382,358,287,314,343,304,372,309,247
897,248,297,227,352,229,230,282,201,217,381,357,287,328,298,267,299,293,289,290
898,377,368,218,313,367,276,361,221,312,310,231,394,375,235,306,274,270,268,360
899,383,228,242,236,254,382,365,304,209,275,344,324,231,200,282,396,279,334,278
900,252,201,375,332,238,229,397,264,389,372,228,376,311,301,358,295,305,345,242
901,298,237,359,352,201,328,347,304,336,356,288,241,221,400,228,335,318,298,370
902,330,367,358,244,389,366,208,347,277,207,365,340,353,361,279,274,289,309,218
903,336,391,381,352,280,272,271,309,312,381,213,342,330,226,364,360,386,250,395
904,206,247,209,285,327,328,292,216,209,243,223,298,305,254,234,283,361,376,319
905,375,354,242,223,275,315,262,283,349,342,334,249,341,262,318,371,231,249,229
906,333,371,282,294,221,311,372,342,272,274,398,283,373,261,378,290,343,371,308
907,224,205,358,280,229,363,206,285,200,224,338,229,217,333,264,216,265,286,231
908,215,272,386,349,268,213,302,373,322,340,388,239,329,389,282,274,337,359,325
909,279,392,355,208,357,284,250,212,391,303,298,304,379,262,311,270,305,295,352
910,261,220,281,369,341,311,285,343,246,363,382,400,354,217,285,346,376,293,283
911,216,257,316,332,340,345,263,212,226,267,205,265,340,276,228,231,249,281,209
912,380,220,287,223,313,218,235,276,217,282,306,204,333,264,316,272,317,211,354
913,254,384,296,323,365,214,267,267,364,287,210,359,218,227,332,354,222,225,282
914,272,319,360,220,285,259,283,330,242,221,200,208,390,220,392,360,277,255,281
915,372,301,314,376,295,317,348,400,364,321,353,387,353,382,250,350,338,208,263
916,210,294,282,200,338,334,356,254,272,340,268,348,280,201,217,236,231,278,280
917,293,241,276,341,340,391,261,305,265,285,279,311,244,302,271,337,349,308,212
918,226,259,221,255,240,364,213,252,299,319,326,368,202,207,328,381,389,384,326
919,300,344,280,241,249,240,395,357,355,342,328,229,385,202,360,395,282,223,260
920,327,246,266,393,370,307,214,222,373,236,258,281,383,289,263,332,234,373,338
921,312,236,362,237,337,300,395,266,371,217,333,312,260,365,321,241,236,308,334
922,274,251,231,369,208,364,210,299,319,334,398,346,400,347,400,371,377,278,249
923,345,396,367,271,212,395,213,229,337,224,336,360,336,326,244,240,211,388,239
924,215,220,219,299,324,297,251,217,330,241,228,314,364,292,245,270,352,353,366
925,310,246,297,240,213,213,218,262,343,213,336,240,226,251,304,254,283,298,345
926,357,261,291,269,244,337,224,206,358,321,223,311,218,377,389,307,338,269,253
927,315,204,280,215,376,379,285,352,284,352,205,301,314,324,218,380,214,325,205
928,248,396,374,273,317,218,293,372,306,348,227,273,309,211,278,226,345,204,301
929,322,347,367,268,323,331,346,354,262,311,221,395,371,239,398,208,356,220,226
930,214,367,359,311,243,205,300,204,249,389,392,227,396,292,383,201,323,381,293
931,358,351,355,207,298,390,235,229,318,392,375,254,388,222,321,214,246,230,334
932,237,247,340,232,382,262,220,264,246,245,374,372,353,272,360,379,351,346,332
933,201,200,330,337,258,344,321,370,308,290,290,210,301,266,388,206,222,224,266
934,391,202,273,367,297,283,264,379,388,322,283,371,251,216,319,251,233,364,204
935,247,335,308,261,222,363,286,313,219,293,227,379,331,395,235,247,303,301,310
936,326,289,304,305,342,306,295,314,217,291,387,357,368,346,211,236,211,265,206
937,237,358,382,222,398,394,219,383,291,313,299,252,305,301,255,352,334,264,270
938,364,349,201,204,380,307,362,215,269,234,365,252,397,338,383,274,246,317,397
939,313,319,400,315,262,355,358,268,371,214,361,390,333,350,206,278,275,373,244
940,342,319,217,367,361,217,284,329,346,304,384,267,354,220,372,215,374,202,204
941,204,248,312,341,274,251,372,324,392,317,247,248,235,243,226,305,245,301,272
942,273,340,363,370,286,317,315,368,280,217,357,332,213,204,235,362,359,254,264
943,263,310,361,216,348,310,306,359,283,264,377,312,389,208,315,352,334,257,291
944,251,226,238,275,293,290,324,221,304,220,373,202,345,228,252,295,316,202,211
945,239,216,366,271,237,294,302,317,203,343,231,200,325,386,249,253,349,353,315
946,286,289,370,364,303,278,399,248,284,276,367,255,325,201,306,246,398,300,364
947,223,341,316,217,335,338,251,260,350,211,278,368,297,376,389,245,278,276,210
948,257,257,285,390,229,211,270,250,253,333,261,366,225,205,273,362,370,391,332
949,299,209,309,216,241,219,244,328,347,323,377,345,264,270,203,357,318,318,350
950,262,274,253,371,212,329,357,257,361,305,207,213,373,289,258,327,334,207,382
951,228,258,232,289,234,323,203,373,295,313,326,324,386,218,255,328,388,218,317
952,391,242,382,387,215,271,318,293,353,265,351,217,317,273,261,346,331,266,338
953,233,226,365,346,391,314,318,280,320,343,232,323,323,369,393,277,311,361,324
954,315,206,358,228,256,299,269,373,314,249,268,384,340,204,270,239,375,356,316
955,213,337,277,237,376,258,361,308,294,297,291,295,296,313,220,210,206,313,258
956,217,211,238,249,210,252,229,377,223,364,317,329,210,307,350,291,280,254,238
957,389,398,272,392,334,280,393,300,266,314,360,362,351,318,291,400,205,380,236
958,236,329,386,203,362,240,367,308,284,207,301,261,247,350,286,237,242,375,338
959,201,367,314,313,236,302,328,290,382,383,294,398,228,388,232,355,233,210,227
960,398,394,372,360,322,359,201,296,316,312,399,320,369,349,382,319,317,280,207
961,244,292,341,344,286,277,330,315,289,230,255,322,394,246,305,341,221,345,326
962,240,329,371,312,356,218,283,268,205,214,369,258,336,264,320,366,364,216,395
963,326,382,381,292,326,327,373,323,387,328,397,222,377,391,271,218,370,370,237
964,269,212,372,319,399,397,267,252,297,246,226,323,241,367,305,251,343,399,339
965,226,358,339,365,385,394,300,381,353,353,219,334,213,206,381,256,352,399,312
966,328,211,205,388,387,294,271,337,268,362,204,275,300,361,222,265,322,231,358
967,222,205,372,240,218,373,256,200,314,238,269,336,208,399,272,207,380,298,296
968,339,289,316,210,227,291,325,386,220,337,348,390,227,380,242,380,208,281,320
969,224,395,238,392,303,317,220,202,254,278,234,345,259,297,399,254,219,209,245
970,324,229,320,338,286,232,228,320,219,313,338,392,296,200,335,245,292,247,276
971,376,316,273,296,355,217,262,254,240,385,266,250,352,225,340,207,370,235,204
972,284,275,288,292,368,353,244,210,297,224,370,267,259,361,346,239,347,333,376
973,301,336,289,390,323,240,202,362,229,205,234,262,284,399,311,202,292,295,385
974,303,371,283,324,205,268,365,308,241,271,342,321,357,348,210,234,344,248,328
975,263,342,344,370,369,374,306,294,338,363,200,349,283,256,288,324,217,250,211
976,258,394,312,369,309,289,293,218,388,298,247,329,310,395,244,314,362,227,211
977,298,351,261,383,290,351,358,365,212,379,283,223,233,210,320,279,251,326,224
978,315,334,346,356,356,281,277,305,372,346,269,343,201,334,383,249,355,369,377
979,275,372,278,270,374,227,271,398,269,325,259,209,373,305,337,334,271,218,386
980,254,393,316,229,278,219,239,355,203,211,326,270,241,253,271,341,257,242,348
981,333,314,210,364,248,336,315,362,386,285,232,320,399,200,357,239,395,222,247
982,288,334,310,247,315,291,375,270,251,234,359,339,319,376,218,213,281,265,243
983,282,279,316,377,329,215,320,296,373,308,279,278,281,321,240,313,241,382,207
984,209,324,314,269,313,393,318,220,384,288,367,265,266,398,383,230,352,307,306
985,203,356,250,378,230,352,323,219,310,208,269,300,250,333,251,275,324,251,345
986,301,369,294,299,209,354,371,327,338,255,284,400,384,371,335,275,329,214,234
987,394,237,302,346,306,295,217,319,282,368,211,316,288,215,277,274,284,379,315
988,247,261,295,397,215,285,355,339,251,292,262,224,352,313,265,314,323,390,382
989,215,363,311,261,270,213,275,389,222,219,231,359,362,234,277,246,252,389,295
990,365,273,204,242,360,307,334,313,201,391,238,289,328,204,245,255,366,400,210
991,268,270,248,250,316,221,298,400,357,344,236,288,310,293,306,355,271,219,236
992,225,266,357,203,253,344,362,216,235,386,344,237,387,283,204,377,260,363,358
993,308,374,323,206,294,260,310,219,251,234,286,332,270,390,203,327,300,372,232
994,354,400,314,397,321,250,314,327,263,258,329,288,278,399,351,349,361,311,271
995,236,205,262,305,221,380,363,366,303,343,290,201,372,373,252,222,375,210,376
996,229,278,300,288,244,256,211,243,221,350,226,385,344,372,268,387,295,241,238
997,269,381,322,233,297,284,284,346,367,340,269,364,245,361,307,306,298,319,223
998,323,328,251,346,209,299,367,267,271,287,305,366,346,377,335,397,305,269,232
999,302,389,307,212,320,384,254,242,328,312,314,342,341,363,260,200,229,205,309
